Items,Sane Price,DMPG Price,DMG Price,XGE Price,Rarity,Type
Abracadabrus,,,5001-50000,20000-50000,Very Rare,Wondrous Items
Absorbing Tattoo,,,5001-50000,20000-50000,Very Rare,Wondrous Items
Adamantine Armor,500,+500,101-500,100-600,Uncommon,Armor
Alchemy Jug,"6,000",100,101-500,100-600,Uncommon,Wondrous Items
"Akmon, Hammer of Purphoros",,,Priceless,Priceless,Artifact,Weapons
Ammunition +1 (Ea),25,50,101-500,100-600,Uncommon,Ammunition
Amulet Of Proof Against Detection And Location,"20,000",400,101-500,100-600,Uncommon,Wondrous Items: Neck
All-Purpose Tool,,,Varies,Varies,Varies,Wondrous Items
Amulet of the Drunkard,,500,101-500,100-600,Uncommon,Wondrous Item
Armblade,,100,50-100,20-70,Common,Weapons
Ammunition +3 (Ea),400,"2,500",5001-50000,20000-50000,Very Rare,Ammunition
Armblade,,100,50-100,20-70,Common,Weapons
Armor Of Gleaming (any medium or heavy),,75,50-100,20-70,Common,Armor
Feather Token,,25,501-5000,2000-20000,Rare,Wondrous Items
Amulet Of The Black Skull,,"6,400",5001-50000,20000-50000,Very Rare,Wondrous Items: Neck
Amulet of the Devout,,,Varies,Varies,Varies,Wondrous Items
Bag Of Bounty,,,101-500,100-600,Uncommon,Wondrous Items
Amulet Of The Planes,"160,000","43,000",5001-50000,20000-50000,Very Rare,Wondrous Items: Neck
Animated Shield,"6,000","6,000",5001-50000,20000-50000,Very Rare,Shields
Apparatus Of Kwalish,"10,000","90,000",50001+,50000-300000,Legendary,Wondrous Items
Apparatus Of The Crab,"10,000","90,000",50001+,50000-300000,Legendary,Wondrous Items
Arcane Cannon,,"6,500",5001-50000,20000-50000,Very Rare,Wondrous Item
Arcane Grimoire,,,Varies,Varies,Varies,Wondrous Items
Arcane Propulsion Arm,,"5,100",5001-50000,20000-50000,Very Rare,Wondrous Items
Bag Of Bounty,,,101-500,100-600,Uncommon,Wondrous Items
Bag Of Holding,"4,000",500,101-500,100-600,Uncommon,Wondrous Items
Bag Of Tricks,,350,101-500,100-600,Uncommon,Wondrous Items
Balance Of Harmony,,200,101-500,100-600,Uncommon,Wondrous Items
Armor Of Invulnerability,"18,000","70,000",50001+,50000-300000,Legendary,Armor
Balloon Pack,,275,101-500,100-600,Uncommon,Wondrous Items
Band Of Loyalty,,,101-500,100-600,Uncommon,Rings
Band Of Loyalty,,,50-100,20-70,Common,Ring
"Armor, +2","6,000","20,000",5001-50000,20000-50000,Very Rare,Armor
"Armor, +3","24,000","51,000",50001+,50000-300000,Legendary,Armor
Arrow Of Slaying (Ea),600,"1,000",5001-50000,20000-50000,Very Rare,Ammunition
Bead Of Nourishment,,25,50-100,20-70,Common,Wondrous Items
Artificer Wand +1,,,Varies,Varies,Varies,Wands
Artificer Wand +2,,,Varies,Varies,Varies,Wands
Bead Of Refreshment,,25,50-100,20-70,Common,Wondrous Items
Blood Spear,,375,101-500,100-600,Uncommon,Weapons
Boomerang +1,,,101-500,100-600,Uncommon,Weapons
Axe Of The Dwarvish Lords,,,Priceless,Priceless,Artifact,Weapons
Azuredge (battleaxe),,"53,000",50001+,50000-300000,Legendary,Weapons
Baba Yaga's Mortar and Pestle,,,Priceless,Priceless,Artifact,Wondrous Items
Boomerang +2,,,101-500,100-600,Uncommon,Weapons
Boots Of Elvenkind,"2,500",400,101-500,100-600,Uncommon,Wondrous Items: Feet
Boots Of False Tracks,,60,50-100,20-70,Common,Wondrous Items: Feet
Boots Of Striding And Springing,"5,000",200,101-500,100-600,Uncommon,Wondrous Items: Feet
Bag Of Devouring,,"12,000",5001-50000,20000-50000,Very Rare,Wondrous Items
Boots Of The Winterlands,"10,000",300,101-500,100-600,Uncommon,Wondrous Items: Feet
Bottled Breath,,350,101-500,100-600,Uncommon,Potions & Oils
Bracers Of Archery,"1,500",350,101-500,100-600,Uncommon,Wondrous Items: Arms & Wrists
Breathing Bubble,,50,50-100,20-70,Common,Wondrous Item
Brooch of Living Essence,,250,101-500,100-600,Uncommon,Wondrous Item
Brooch Of Shielding,"7,500",375,101-500,100-600,Uncommon,Wondrous Items: Neck
Broom Of Flying,"8,000",450,101-500,100-600,Uncommon,Wondrous Items
Barrier Tattoo,,,Varies,Varies,Varies,Wondrous Items
Candle Of The Deep,,50,50-100,20-70,Common,Wondrous Items
Battle Standard Of Infernal Power,,"6,000",5001-50000,20000-50000,Very Rare,Wondrous Items
Cap Of Water Breathing,"1,000",450,101-500,100-600,Uncommon,Wondrous Items: Head
Cartographers Map Case,,,50-100,20-70,Common,Wondrout Items
Cast Off Armor,,+50,50-100,20-70,Common,Armor
Belashyrras Beholder Crown,,"51,000",50001+,50000-300000,Legendary,Wondrous Items
Charlatan's Die,,80,50-100,20-70,Common,Wondrous Items
Chest Of Preserving,,,50-100,20-70,Common,Wondrous Items
Belt Of Giant Strength (Cloud),,"66,000",50001+,50000-300000,Legendary,Wondrous Items: Waist
Belt Of Giant Strength (Fire),,"36,000",5001-50000,20000-50000,Very Rare,Wondrous Items: Waist
Circlet Of Blasting,"1,500",350,101-500,100-600,Uncommon,Wondrous Items: Head
Belt Of Giant Strength (Stone/Frost),,"12,000",5001-50000,20000-50000,Very Rare,Wondrous Items: Waist
Belt Of Giant Strength (Storm),,"100,000",50001+,50000-300000,Legendary,Wondrous Items: Waist
Circlet Of Human Perfection,,,101-500,100-600,Uncommon,Wondrous Items
Black Crystal Tablet,,,50001+,50000-300000,Legendary,Wondrous Items
Black Dragon Mask,,"95,000",50001+,50000-300000,Legendary,Wondrous Items: Eyes
Blackrazor,,,50001+,50000-300000,Legendary,Weapons
Blackstaff,,"72,000",50001+,50000-300000,Legendary,Staffs
Blade Of Avernus,,,Priceless,Priceless,Artifact,Weapons
Blade of Broken Mirrors,,,Priceless,Priceless,Artifact,Weapons
Blade Of The Medusa,,,5001-50000,20000-50000,Very Rare,Weapons
Blast Scepter,,,5001-50000,20000-50000,Very Rare,Rods
Cleansing Stone,,50,50-100,20-70,Common,Wondrous Items
Blood Fury Tattoo,,,50001+,50000-300000,Legendary,Wondrous Items
Cleansing Stone,,50,50-100,20-70,Common,Wondrous Items
Bloodaxe,,"27,000",5001-50000,20000-50000,Very Rare,Weapons
Bloodwell Vial,,,Varies,Varies,Varies,Wondrous Items
Blue Dragon Mask,,,50001+,50000-300000,Legendary,Wondrous Items
Cloak Of Billowing,,100,50-100,20-70,Common,Wondrous Items: Shoulders
Book Of Exalted Deeds,,,Priceless,Priceless,Artifact,Wondrous Items
Book Of Vile Darkness,,,Priceless,Priceless,Artifact,Wondrous Items
Bookmark (dagger),,"30,000",50001+,50000-300000,Legendary,Weapons
Cloak Of Elvenkind,"5,000",250,101-500,100-600,Uncommon,Wondrous Items: Shoulders
Cloak Of Many Fashions,,90,50-100,20-70,Common,Wondrous Items: Shoulders
Cloak Of Protection,"3,500",400,101-500,100-600,Uncommon,Wondrous Items: Shoulders
Cloak Of The Manta Ray,"6,000",350,101-500,100-600,Uncommon,Wondrous Items: Shoulders
Clockwork Amulet,,100,50-100,20-70,Common,Wondrous Items: Neck
Clothes Of Mending,,50,50-100,20-70,Common,Wondrous Items: Body
Coiling Grasp Tattoo,,,101-500,100-600,Uncommon,Wondrous Items
Coin of Delving,,50,50-100,20-70,Common,Wondrous Item
Boots Of The Winding Path,,,Varies,Varies,Varies,Wondrous Items: Feet
Cursed Luckstone,,250,101-500,100-600,Uncommon,Wondrous Items
Dark Shard Amulet,,75,50-100,20-70,Common,Wondrous Items: Neck
Decanter Of Endless Water,"135,000",300,101-500,100-600,Uncommon,Wondrous Items
Bracelet Of Rock Magic,,"9,000",5001-50000,20000-50000,Very Rare,Wondrous Items: Arms & Wrists
Deck Of Illusions,"6,120",450,101-500,100-600,Uncommon,Wondrous Items
Dread Helm,,55,50-100,20-70,Common,Wondrous Items: Head
Driftglobe,750,100,101-500,100-600,Uncommon,Wondrous Items
Dust of Deliciousness,,150,101-500,100-600,Uncommon,Wondrous Item
Dust Of Disappearance,300,200,101-500,100-600,Uncommon,Wondrous Items
Dust Of Dryness (1 pellet),120,350,101-500,100-600,Uncommon,Wondrous Items
Dust Of Sneezing And Choking,480,150,101-500,100-600,Uncommon,Wondrous Items
Ear Horn Of Hearing,,75,50-100,20-70,Common,Wondrous Items
Earworm,,225,101-500,100-600,Uncommon,Wondrous Items
Candle Of Invocation,,"8,400",5001-50000,20000-50000,Very Rare,Wondrous Items
Efficient Quiver,,,101-500,100-600,Uncommon,Wondrous Items
Elder Cartographers Glossography,,,101-500,100-600,Uncommon,Wondrous Items
Eldritch Claw Tattoo,,,101-500,100-600,Uncommon,Wondrous Items
Carpet Of Flying,"12,000","44,000",5001-50000,20000-50000,Very Rare,Wondrous Items
Elemental Gem,960,250,101-500,100-600,Uncommon,Wondrous Items
Enduring Spellbook,,100,50-100,20-70,Common,Wondrous Items
Ersatz Eye,,75,50-100,20-70,Common,Wondrous Items: Eyes
Cauldron of Rebirth,,,5001-50000,20000-50000,Very Rare,Wondrous Items
Everbright Lantern,,100,50-100,20-70,Common,Wondrous Items
Everbright Lantern,,100,50-100,20-70,Common,Wondrous Items
Eversmoking Bottle,"1,000",270,101-500,100-600,Uncommon,Wondrous Items
Eyes Of Charming,"3,000",300,101-500,100-600,Uncommon,Wondrous Items: Eyes
Eyes Of Minute Seeing,"2,500",150,101-500,100-600,Uncommon,Wondrous Items: Eyes
Chronolometer,,"12,500",5001-50000,20000-50000,Very Rare,Wondrous Items
Eyes Of The Eagle,"2,500",400,101-500,100-600,Uncommon,Wondrous Items: Eyes
Feather Token (Feather Fall),,25,50-100,20-70,Common,Wondrous Items
Feather Token Feather Fall,,25,50-100,20-70,Common,Wondrous Items
Fernian Ash Focus,,,50-100,20-70,Common,Wondrous Items
Fernian Ash Focus,,,50-100,20-70,Common,Wondrous Items
Feywild Shard,,,101-500,100-600,Uncommon,Wondrous Items
Cloak Of Arachnida,"5,000","14,000",5001-50000,20000-50000,Very Rare,Wondrous Items: Shoulders
Figurine of Wondrous Power (Silver Raven),"5,000",380,101-500,100-600,Uncommon,Wondrous Items
Finders Goggles,,500,101-500,100-600,Uncommon,Wondrous Items
Gauntlets Of Ogre Power,"8,000",450,101-500,100-600,Uncommon,Wondrous Items: Hands
Cloak Of Invisibility,"80,000","54,000",50001+,50000-300000,Legendary,Wondrous Items: Shoulders
Gem Of Brightness,"5,000",250,101-500,100-600,Uncommon,Wondrous Items
Glamerweave (Common),,50,50-100,20-70,Common,Wondrous Items
Glamerweave (Uncommon),,150,101-500,100-600,Uncommon,Wondrous Items
Gloves Of Missile Snaring,"3,000",325,101-500,100-600,Uncommon,Wondrous Items: Hands
Gloves Of Swimming And Climbing,"2,000",250,101-500,100-600,Uncommon,Wondrous Items: Hands
Gloves Of Thievery,"5,000",300,101-500,100-600,Uncommon,Wondrous Items: Hands
Goggles Of Night,"1,500",300,101-500,100-600,Uncommon,Wondrous Items: Eyes
Coin Of Decisionry,,,Varies,Varies,Varies,Wondrous Items
Goggles of Object Reading,,350,101-500,100-600,Uncommon,Wondrous Item
Conch Of Teleportation,,"1,850",5001-50000,20000-50000,Very Rare,Wondrous Items
Guardian Emblem,,,101-500,100-600,Uncommon,Wondrous Items
Crook of Rao,,,Priceless,Priceless,Artifact,Wondrous Items
Crystal Ball,"50,000","42,000",5001-50000,20000-50000,Very Rare,Wondrous Items
Crystal Ball Of Mind Reading,,"51,000",50001+,50000-300000,Legendary,Wondrous Items
Crystal Ball Of Telepathy,,"70,000",50001+,50000-300000,Legendary,Wondrous Items
Crystal Ball Of True Seeing,,"80,000",50001+,50000-300000,Legendary,Wondrous Items
Crystalline Chronicle,,,5001-50000,20000-50000,Very Rare,Wondrous Items
Guild Charms,,450,101-500,100-600,Uncommon,Wondrous Items
Cubic Gate,"40,000","164,000",50001+,50000-300000,Legendary,Wondrous Items
Guild Keyrune (Rakdos),,400,101-500,100-600,Uncommon,Wondrous Items
Guild Keyrune (Simic),,500,101-500,100-600,Uncommon,Wondrous Items
Guild Signet,,350,101-500,100-600,Uncommon,Rings
Hat Of Disguise,"5,000",475,101-500,100-600,Uncommon,Wondrous Items: Head
Dancing Sword (any sword),"2,000","10,000",5001-50000,20000-50000,Very Rare,Weapons
Danoth's Visor,,,50001+,50000-300000,Legendary,Wondrous Item
Hat Of Vermin,,65,50-100,20-70,Common,Wondrous Items: Head
Dawnbringer (longsword),,"57,000",50001+,50000-300000,Legendary,Weapons
Hat Of Wizardry,,75,50-100,20-70,Common,Wondrous Items: Head
Headband Of Intellect,"8,000",450,101-500,100-600,Uncommon,Wondrous Items: Head
Deck Of Many Things,,"200,000",50001+,50000-300000,Legendary,Wondrous Items
Deck Of Several Things,,,50001+,50000-300000,Legendary,Wondrous Items
Defender (any sword),"24,000","55,000",50001+,50000-300000,Legendary,Weapons
"Dekella, Bident of Thassa",,,Priceless,Priceless,Artifact,Weapons
Demon Armor (plate) (cursed),,"7,500",5001-50000,20000-50000,Very Rare,Armor
Demonomicon of Iggwilv,,,Priceless,Priceless,Artifact,Wondrous Items
Devastation Orb (Air),,"8,000",5001-50000,20000-50000,Very Rare,Wondrous Items
Devastation Orb (Earth),,"11,000",5001-50000,20000-50000,Very Rare,Wondrous Items
Devastation Orb (Fire),,"9,500",5001-50000,20000-50000,Very Rare,Wondrous Items
Devastation Orb (Water),,"9,500",5001-50000,20000-50000,Very Rare,Wondrous Items
Hellfire Weapon,,500,101-500,100-600,Uncommon,Weapons
Dimensional Loop,,"6,000",5001-50000,20000-50000,Very Rare,Wondrous Items
Dimensional Seal,,,50001+,50000-300000,Legendary,Wondrous Items
Dimensional Seal,,,50001+,50000-300000,Legendary,Wondrous Items
Helm Of Comprehending Languages,500,200,101-500,100-600,Uncommon,Wondrous Items: Head
Dispelling Stone,,"7,000",5001-50000,20000-50000,Very Rare,Wondrous Item
Loadstone,,150,501-5000,2000-20000,Rare,Wondrous Items
Helm Of Telepathy,"12,000",300,101-500,100-600,Uncommon,Wondrous Items: Head
Documancy Satchel,,,Varies,Varies,Varies,Wondrous Items
Helm Of Underwater Action,,500,101-500,100-600,Uncommon,Wondrous Items
Draakhorn,,,Priceless,Priceless,Artifact,Wondrous Items
Dragon Scale Mail,"4,000","15,000",5001-50000,20000-50000,Very Rare,Armor
Hew,,,101-500,100-600,Uncommon,Weapons
Heward's Handy Spice Pouch,,100,50-100,20-70,Common,Wondrous Items
Dragonstaff Of Ahghairon,,"50,500",50001+,50000-300000,Legendary,Staffs
Horn Of Silent Alarm,,85,50-100,20-70,Common,Wondrous Items
Illuminator's Tattoo,,,50-100,20-70,Common,Wondrous Items
Imbued Wood Focus,,75,50-100,20-70,Common,Wondrous Items
Drown (trident),,"66,000",50001+,50000-300000,Legendary,Weapons
Immovable Rod,"5,000",500,101-500,100-600,Uncommon,Rods
Duskcrusher,,"8,500",5001-50000,20000-50000,Very Rare,Weapons
Infernal Puzzle Box,,"3,500",101-500,100-600,Uncommon,Wondrous Items
Inquisitives Goggles,,,101-500,100-600,Uncommon,Wondrous Items
Inquisitives Goggles,,,101-500,100-600,Uncommon,Wondrous Items
Insignia Of Claws,,450,101-500,100-600,Uncommon,Wondrous Items
Dwarven Plate,"9,000","25,000",5001-50000,20000-50000,Very Rare,Armor
Dwarven Thrower (warhammer),"18,000","25,000",5001-50000,20000-50000,Very Rare,Weapons
Dyrrns Tentacle Whip,,"17,000",5001-50000,20000-50000,Very Rare,Weapons
Instrument Of Illusions,,100,50-100,20-70,Common,Wondrous Items
Instrument Of Scribing,,80,50-100,20-70,Common,Wondrous Items
Instrument of the Bards (Doss Lute),"28,500",250,101-500,100-600,Uncommon,Wondrous Items
Instrument of the Bards (Fochulan Bandore),"26,500",350,101-500,100-600,Uncommon,Wondrous Items
Efreeti Bottle,,"45,000",5001-50000,20000-50000,Very Rare,Wondrous Items
Efreeti Chain (chain mail),"20,000","80,000",50001+,50000-300000,Legendary,Armor
Instrument of the Bards (Mac-Fuirmidh Cittern),"27,000",450,101-500,100-600,Uncommon,Wondrous Items
Irian Rosewood Focus,,,50-100,20-70,Common,Wondrous Items
Irian Rosewood Focus,,,50-100,20-70,Common,Wondrous Items
Javelin Of Lightning,"1,500",350,101-500,100-600,Uncommon,Weapons
Keoghtom's Ointment (Per Dose),120,400,101-500,100-600,Uncommon,Wondrous Items
Keycharm,,50,50-100,20-70,Common,Wondrous Items
Kythrian Manchineel Focus,,,50-100,20-70,Common,Wondrous Items
"Ephixis, Bow of Nylea",,,Priceless,Priceless,Artifact,Weapons
Kythrian Manchineel Focus,,,50-100,20-70,Common,Wondrous Items
Lamannian Oak Focus,,,50-100,20-70,Common,Wondrous Items
Lamannian Oak Focus,,,50-100,20-70,Common,Wondrous Items
Ammunition +2 (Ea),100,250,501-5000,2000-20000,Rare,Ammunition
Eye And Hand Of Vecna,,,Priceless,Priceless,Artifact,Wondrous Items
Eye Of Vecna,,,Priceless,Priceless,Artifact,Wondrous Items
Lantern Of Revealing,"5,000",500,101-500,100-600,Uncommon,Wondrous Items
Lantern of Tracking,,,50-100,20-70,Common,Wondrous Items
Lightbringer,,,101-500,100-600,Uncommon,Weapons
Living Gloves,,500,101-500,100-600,Uncommon,Wondrous Items
Fane-Eater,,"55,000",50001+,50000-300000,Legendary,Weapons
Far Gear,,"7,500",5001-50000,20000-50000,Very Rare,Wondrous Items
Lock Of Trickery,,50,50-100,20-70,Common,Wondrous Items
Mabaran Ebony Focus,,,50-100,20-70,Common,Wondrous Items
Mabaran Ebony Focus,,,50-100,20-70,Common,Wondrous Items
Mariner's Armor,"1,500",+400,101-500,100-600,Uncommon,Armor
Mask Of The Beast,,200,101-500,100-600,Uncommon,Wondrous Items: Eyes
Masquerade Tattoo,,,50-100,20-70,Common,Wondrous Items
Medallion Of Thoughts,"3,000",300,101-500,100-600,Uncommon,Wondrous Items: Neck
Mind Carapace Armor,,,101-500,100-600,Uncommon,Armor
"Mithral Armor (medium or heavy, not hide)",800,+450,101-500,100-600,Uncommon,Armor
Mizzium Apparatus,,500,101-500,100-600,Uncommon,Wondrous Items: Body
Moodmark Paint,,50,50-100,20-70,Common,Wondrous Items
Moon-Touched Sword,,+75,50-100,20-70,Common,Weapons
Mystery Key,,50,50-100,20-70,Common,Wondrous Items
Nature's Mantle,,,101-500,100-600,Uncommon,Wondrous Items
Necklace Of Adaptation,"1,500",450,101-500,100-600,Uncommon,Wondrous Items: Neck
Figurine of Wondrous Power (Obsidian Steed),"128,000","28,500",5001-50000,20000-50000,Very Rare,Wondrous Items
Night Caller,,350,101-500,100-600,Uncommon,Wondrous Items
Oil Of Slipperiness,480,250,101-500,100-600,Uncommon,Potions & Oils
Orb Of Direction,,50,50-100,20-70,Common,Wondrous Items
Orb Of Gonging,,,50-100,20-70,Common,Wondrous Items
Orb Of Shielding,,80,50-100,20-70,Common,Wondrous Items
Orb Of Shielding,,80,50-100,20-70,Common,Wondrous Items
Orb Of Time,,50,50-100,20-70,Common,Wondrous Items
Frost Brand (any sword),"2,200","11,000",5001-50000,20000-50000,Very Rare,Weapons
Paper Bird,,350,101-500,100-600,Uncommon,Wondrous Items
Pearl Of Power,"6,000",400,101-500,100-600,Uncommon,Wondrous Items
Perfume Of Bewitching,,75,50-100,20-70,Common,Potions & Oils
Periapt Of Health,"5,000",250,101-500,100-600,Uncommon,Wondrous Items: Neck
Periapt Of Wound Closure,"5,000",375,101-500,100-600,Uncommon,Wondrous Items: Neck
Philter Of Love,90,150,101-500,100-600,Uncommon,Potions & Oils
Pipe Of Remembrance,,50,50-100,20-70,Common,Wondrous Items
Pipe Of Smoke Monsters,,50,50-100,20-70,Common,Wondrous Items
Pipes Of Haunting,"6,000",300,101-500,100-600,Uncommon,Wondrous Items
Pipes Of The Sewers,"2,000",150,101-500,100-600,Uncommon,Wondrous Items
Piwafwi (Cloak Of Elvenkind),,200,101-500,100-600,Uncommon,Wondrous Items: Shoulders
Glamerweave,,,Varies,Varies,Varies,Wondrous Items
Pole Of Angling,,50,50-100,20-70,Common,Wondrous Items
Pole Of Collapsing,,55,50-100,20-70,Common,Wondrous Items
Pot Of Awakening,,85,50-100,20-70,Common,Wondrous Items
Potion Of Animal Friendship,200,200,101-500,100-600,Uncommon,Potions & Oils
Potion Of Climbing,180,30,50-100,20-70,Common,Potions & Oils
Potion Of Comprehension,,,50-100,20-70,Common,Potions & Oils
Gnomengarde Grenade,,,Varies,Varies,Varies,Wondrous Items
Potion Of Fire Breath,150,350,101-500,100-600,Uncommon,Potions & Oils
Potion Of Giant Strength (Hill),,125,101-500,100-600,Uncommon,Potions & Oils
Greater Silver Sword,,,50001+,50000-300000,Legendary,Weapons
Green Dragon Mask,,,50001+,50000-300000,Legendary,Wondrous Items
Grimoire Infinitus,,,50001+,50000-300000,Legendary,Wondrous Item
Grovelthrash,,,Priceless,Priceless,Artifact,Weapons
Potion Of Growth,270,300,101-500,100-600,Uncommon,Potions & Oils
Potion Of Healing,50,50,50-100,20-70,Common,Potions & Oils
Potion Of Healing (Greater),150,300,101-500,100-600,Uncommon,Potions & Oils
Potion Of Poison,100,500,101-500,100-600,Uncommon,Potions & Oils
Guild Keyrune (Dimir),,"26,000",5001-50000,20000-50000,Very Rare,Wondrous Items
Guild Keyrune (Golgari),,"7,500",5001-50000,20000-50000,Very Rare,Wondrous Items
Potion Of Resistance,300,500,101-500,100-600,Uncommon,Potions & Oils
Potion Of Watchful Rest,,,50-100,20-70,Common,Potions & Oils
Pressure Capsule,,25,50-100,20-70,Common,Wondrous Items
Propeller Helm,,,101-500,100-600,Uncommon,Wondrous Items
Prosthetic Limb,,100,50-100,20-70,Common,Wondrous Item
Prosthetic Limb,,100,50-100,20-70,Common,Wondrous Items
Prosthetic Limb,,,50-100,20-70,Common,Wondrous Items
Psi Crystal,,,101-500,100-600,Uncommon,Wondrous Items
Gurt's Greataxe,,"67,000",50001+,50000-300000,Legendary,Weapons
Hammer Of Thunderbolts (maul),"16,000","51,000",50001+,50000-300000,Legendary,Weapons
Hand Of Vecna,,,Priceless,Priceless,Artifact,Wondrous Items
Pyroconverger,,250,101-500,100-600,Uncommon,Wondrous Items
Quiver Of Ehlonna,"1,000",250,101-500,100-600,Uncommon,Wondrous Items
Quori Beech Focus,,,50-100,20-70,Common,Wondrous Items
Potion Of Water Breathing,180,400,501-5000,2000-20000,Rare,Potions & Oils
Hazirawn (greatsword),,"66,000",50001+,50000-300000,Legendary,Weapons
Quori Beech Focus,,,50-100,20-70,Common,Wondrous Items
Restorative Ointment,,,101-500,100-600,Uncommon,Wondrous Items
Revenant Double Bladed Scimitar,,,50-100,20-70,Common,Weapons
Revenant Double-Bladed Scimitar,,,50-100,20-70,Common,Weapons
Helm Of Brilliance,,"32,000",5001-50000,20000-50000,Very Rare,Wondrous Items: Head
Ring Of Jumping,"2,500",250,101-500,100-600,Uncommon,Rings
Helm Of Devil Command,,"21,500",5001-50000,20000-50000,Very Rare,Wondrous Items: Head
Ring Of Mind Shielding,"16,000",250,101-500,100-600,Uncommon,Rings
Ring of Obscuring,,150,101-500,100-600,Uncommon,Rings
Ring Of Swimming,"3,000",300,101-500,100-600,Uncommon,Rings
Helm Of The Scavenger,,,50001+,50000-300000,Legendary,Wondrous Items
Ring Of Truth Telling,,150,101-500,100-600,Uncommon,Rings
Ring Of Warmth,"1,000",480,101-500,100-600,Uncommon,Rings
Ring Of Water Walking,"1,500",500,101-500,100-600,Uncommon,Rings
Rings Of Shared Suffering,,,101-500,100-600,Uncommon,Ring
Heward's Hireling Armor,,,5001-50000,20000-50000,Very Rare,Armor
Hide of the Feral Guardian,,,50001+,50000-300000,Legendary,Armor
Holy Avenger (any sword),"165,000","65,000",50001+,50000-300000,Legendary,Weapons
Holy Symbol Of Ravenkind,,"51,000",50001+,50000-300000,Legendary,Wondrous Items: Neck
Rings Of Shared Suffering,,,101-500,100-600,Uncommon,Rings
Risian Pine Focus,,,50-100,20-70,Common,Wondrous Items
Risian Pine Focus,,,50-100,20-70,Common,Wondrous Items
Robe Of Serpents,,375,101-500,100-600,Uncommon,Wondrous Items: Body
Robe Of Useful Items,Items * 5,400,101-500,100-600,Uncommon,Wondrous Items: Body
Horn Of Valhalla (Bronze),"11,200","20,000",5001-50000,20000-50000,Very Rare,Wondrous Items
Horn Of Valhalla (Iron),"14,000","50,000",50001+,50000-300000,Legendary,Wondrous Items
Rod of Retribution,,250,101-500,100-600,Uncommon,Rods
Horned Ring,,,5001-50000,20000-50000,Very Rare,Rings
Horseshoes Of A Zephyr,"1,500","6,000",5001-50000,20000-50000,Very Rare,Wondrous Items
Rod Of The Pact Keeper +1,"12,000",400,101-500,100-600,Uncommon,Rods
Hunter's Coat,,"5,000",5001-50000,20000-50000,Very Rare,Armor
Icon Of Ravenloft,,"50,500",50001+,50000-300000,Legendary,Wondrous Items
Rope Of Climbing,"2,000",350,101-500,100-600,Uncommon,Wondrous Items
Illusionists Bracers,,"13,500",5001-50000,20000-50000,Very Rare,Wondrous Items: Arms & Wrists
Rope Of Mending,,50,50-100,20-70,Common,Wondrous Items
Ruby Of The War Mage,,100,50-100,20-70,Common,Wondrous Items
Saddle Of The Cavalier,"2,000",250,101-500,100-600,Uncommon,Wondrous Items
Infernal Tack,,"8,000",50001+,50000-300000,Legendary,Wondrous Items
Infiltrator's Key,,,50001+,50000-300000,Legendary,Wondrous Item
Ingot Of The Skold Rune,,"15,000",5001-50000,20000-50000,Very Rare,Wondrous Items
Scribe's Pen,,60,50-100,20-70,Common,Wondrous Items
Scribes Pen,,60,50-100,20-70,Common,Wondrous Items
Seeker Dart,,100,101-500,100-600,Uncommon,Weapons
Sekolahian Worshiping Statuette,,50,50-100,20-70,Common,Wondrous Items
Sending Stone,,500,101-500,100-600,Uncommon,Wondrous Items
Sending Stones,"2,000",500,101-500,100-600,Uncommon,Wondrous Items
Instrument of the Bards (Anstruth Harp),"109,000",17500,5001-50000,20000-50000,Very Rare,Wondrous Items
Sentinel Shield,"20,000",300,101-500,100-600,Uncommon,Shields
Shatterspike (longsword),,550,101-500,100-600,Uncommon,Weapons
Shavaran Birch Focus,,,50-100,20-70,Common,Wondrous Items
Potion Of Diminution,270,500,501-5000,2000-20000,Rare,Potions & Oils
Shavarran Birch Focus,,,50-100,20-70,Common,Wondrous Items
Instrument of the Bards (Ollamh Harp),"125,000","51,000",50001+,50000-300000,Legendary,Wondrous Items
Ioun Stone (Absorption),"2,400","20,000",5001-50000,20000-50000,Very Rare,Wondrous Items: Head
Ioun Stone (Agility),"3,000","8,000",5001-50000,20000-50000,Very Rare,Wondrous Items: Head
Eagle Whistle,,600,501-5000,2000-20000,Rare,Wondrous Items
Ioun Stone (Fortitude),"3,000","8,000",5001-50000,20000-50000,Very Rare,Wondrous Items: Head
Ioun Stone (Greater Absorption),"31,000","60,000",50001+,50000-300000,Legendary,Wondrous Items: Head
Ioun Stone (Insight),"3,000","8,000",5001-50000,20000-50000,Very Rare,Wondrous Items: Head
Ioun Stone (Intellect),"3,000","8,000",5001-50000,20000-50000,Very Rare,Wondrous Items: Head
Ioun Stone (Leadership),"3,000","8,000",5001-50000,20000-50000,Very Rare,Wondrous Items: Head
Ioun Stone (Mastery),"15,000","60,000",50001+,50000-300000,Legendary,Wondrous Items: Head
Feather Of Diatryma Summoning,,600,501-5000,2000-20000,Rare,Wondrous Items
Ioun Stone (Regeneration),"4,000","55,000",50001+,50000-300000,Legendary,Wondrous Items: Head
Potion Of Giant Strength (Frost/Stone),,650,501-5000,2000-20000,Rare,Potions & Oils
Ioun Stone (Strength),"3,000","8,000",5001-50000,20000-50000,Very Rare,Wondrous Items: Head
Siren Song Lyre,,650,501-5000,2000-20000,Rare,Wondrous Items
Necklace of Fireballs (1 Bead),300,725,501-5000,2000-20000,Rare,Wondrous Items: Neck
Potion Of Heroism,180,800,501-5000,2000-20000,Rare,Potions & Oils
Spell Scroll (Level 4),320,800,501-5000,2000-20000,Rare,Spell Scrolls
Battering Shield,,850,501-5000,2000-20000,Rare,Armor
Acheron Blade,,900,501-5000,2000-20000,Rare,Weapons
Potion Of Clairvoyance,960,900,501-5000,2000-20000,Rare,Potions & Oils
Wand Of Viscid Globs,,900,501-5000,2000-20000,Rare,Wands
Bracer Of Flying Daggers,,"1,000",501-5000,2000-20000,Rare,Wondrous Items: Arms & Wrists
Guild Keyrune (Azorius),,"1,000",501-5000,2000-20000,Rare,Wondrous Items
Potion of Aqueous Form,,"1,000",501-5000,2000-20000,Rare,Potions & Oils
Iron Flask,,"170,000",50001+,50000-300000,Legendary,Wondrous Items
Ironfang (war pick),,"76,000",50001+,50000-300000,Legendary,Weapons
Javelin Of Backbiting,,"6,500",5001-50000,20000-50000,Very Rare,Weapons
Quaals Feather Token (Anchor),50,"1,000",501-5000,2000-20000,Rare,Wondrous Items
Quaals Feather Token (Bird),"3,000","1,000",501-5000,2000-20000,Rare,Wondrous Items
Quaals Feather Token (Fan),250,"1,000",501-5000,2000-20000,Rare,Wondrous Items
"Khrusor, Spear of Heliod",,,Priceless,Priceless,Artifact,Weapons
Quaals Feather Token (Swan Boat),"3,000","1,000",501-5000,2000-20000,Rare,Wondrous Items
Korolnor Scepter,,"63,000",50001+,50000-300000,Legendary,Weapons
Kyrzins Ooze,,"21,000",5001-50000,20000-50000,Very Rare,Wondrous Items
Quaals Feather Token (Whip),250,"1,000",501-5000,2000-20000,Rare,Wondrous Items
Ring Of Animal Influence,"4,000","1,000",501-5000,2000-20000,Rare,Rings
Rope Of Entanglement,"4,000","1,000",501-5000,2000-20000,Rare,Wondrous Items
Shield Of Missile Attraction,"6,000","1,000",501-5000,2000-20000,Rare,Shields
Staff of the Ivory Claw,,"1,000",501-5000,2000-20000,Rare,Staffs
Ventilating Lungs,,"1,000",501-5000,2000-20000,Rare,Wondrous Items
Lash of Shadows,,,Priceless,Priceless,Artifact,Weapons
Last Stand Armor,,"6,500",5001-50000,20000-50000,Very Rare,Armor
Guild Keyrune (Orzhov),,"1,100",501-5000,2000-20000,Rare,Wondrous Items
Potion Of Mind Reading,180,"1,100",501-5000,2000-20000,Rare,Potions & Oils
Helm of the Gods,,"1,200",501-5000,2000-20000,Rare,Wondrous Items
Potion Of Giant Strength (Fire),,"1,200",501-5000,2000-20000,Rare,Potions & Oils
Living Armor,,"9,500",5001-50000,20000-50000,Very Rare,Armor
Sword Of Wounding (any sword),"2,000","1,200",501-5000,2000-20000,Rare,Weapons
Living Loot Satchel,,,Varies,Varies,Varies,Wondrous Items
Corpse Slayer,,"1,300",501-5000,2000-20000,Rare,Weapons
Molten Bronze Skin,,"+1,300",501-5000,2000-20000,Rare,Armor
Needle of Mending,,"1,400",501-5000,2000-20000,Rare,Weapons
Lost Crown Of Besilmer,,"23,000",50001+,50000-300000,Legendary,Wondrous Items: Head
Luba's Tarokka of Souls,,,Priceless,Priceless,Artifact,Wondrous Items
Luck Blade,,"100,000",50001+,50000-300000,Legendary,Weapons
Luxon Beacon,,"35,000",50001+,50000-300000,Legendary,Wondrous Item
Piwafwi Of Fire Resistance,,"1,400",501-5000,2000-20000,Rare,Wondrous Items: Shoulders
Necklace of Fireballs (2 Beads),480,"1,450",501-5000,2000-20000,Rare,Wondrous Items: Neck
Armor Of Vulnerability,,"1,500",501-5000,2000-20000,Rare,Armor
Mabaran Resonator,,,50001+,50000-300000,Legendary,Wondrous Items
Mabaran Resonator,,,50001+,50000-300000,Legendary,Wondrous Items
Charm Of Plant Command,,"1,500",501-5000,2000-20000,Rare,Wondrous Items
Dagger Of Venom,"2,500","1,500",501-5000,2000-20000,Rare,Weapons
Guild Keyrune (Selesnya),,"1,500",501-5000,2000-20000,Rare,Wondrous Items
Mace of the Black Crown,,,Priceless,Priceless,Artifact,Weapons
Mizzium Armor,,"+1,500",501-5000,2000-20000,Rare,Armor
Manual Of Bodily Health,,"36,000",5001-50000,20000-50000,Very Rare,Wondrous Items
Manual Of Gainful Exercise,,"36,000",5001-50000,20000-50000,Very Rare,Wondrous Items
Manual Of Golems,,"22,000",5001-50000,20000-50000,Very Rare,Wondrous Items
Manual Of Quickness Of Action,,"36,000",5001-50000,20000-50000,Very Rare,Wondrous Items
Many-Handed Pouch,,,Varies,Varies,Varies,Wondrous Items
Pariah's Shield,,"1,500",501-5000,2000-20000,Rare,Shields
Marvelous Pigments,,"16,000",5001-50000,20000-50000,Very Rare,Wondrous Items
Potion Of Gaseous Form,300,"1,500",501-5000,2000-20000,Rare,Potions & Oils
Mask Of The Dragon Queen,,,50001+,50000-300000,Legendary,Wondrous Items
Potion Of Invulnerability,"3,840","1,500",501-5000,2000-20000,Rare,Potions & Oils
"Spell Gem (Quartz ,Level 2)",,"1,500",501-5000,2000-20000,Rare,Spell Gems
Master's Call,,,50001+,50000-300000,Legendary,Wondrous Items
Masters Call,,,50001+,50000-300000,Legendary,Wondrous Items
"Mastix, Whip of Erebos",,,Priceless,Priceless,Artifact,Weapons
Matalotok,,"70,000",50001+,50000-300000,Legendary,Weapons
Spell Scroll (Level 5),640,"1,500",501-5000,2000-20000,Rare,Spell Scrolls
Mighty Servant of Leuk-o,,,Priceless,Priceless,Artifact,Wondrous Items
Weapon of Certain Death,,"1,500",501-5000,2000-20000,Rare,Weapons
Potion Of Mind Control (Beast),,"1,600",501-5000,2000-20000,Rare,Potions & Oils
Hell Hound Cloak,,"1,700",501-5000,2000-20000,Rare,Wondrous Items: Shoulders
Mirror Of Life Trapping,"18,000","50,000",5001-50000,20000-50000,Very Rare,Wondrous Items
Ghost Lantern,,"1,750",501-5000,2000-20000,Rare,Wondrous Items
Mace Of Disruption,"8,000","1,750",501-5000,2000-20000,Rare,Weapons
Spider Staff,,"1,750",501-5000,2000-20000,Rare,Staffs
Staff Of Charming,"12,000","1,750",501-5000,2000-20000,Rare,Staffs
Guild Keyrune (Izzet),,"1,850",501-5000,2000-20000,Rare,Wondrous Items
Berserker Axe,,"2,000",501-5000,2000-20000,Rare,Weapons
Elixir Of Health,120,"2,000",501-5000,2000-20000,Rare,Potions & Oils
Gauntlets Of Flaming Fury,,"2,000",501-5000,2000-20000,Rare,Wondrous Items
Moon Sickle,,,Varies,Varies,Varies,Weapons
Handy Haversack,"2,000","2,000",501-5000,2000-20000,Rare,Wondrous Items
Moonblade,,,50001+,50000-300000,Legendary,Weapons
Heward's Handy Haversack,"2,000","2,000",501-5000,2000-20000,Rare,Wondrous Items
Knave's Eye Patch,,"2,000",501-5000,2000-20000,Rare,Wondrous Items: Head
Navigation Orb,,"27,000",5001-50000,20000-50000,Very Rare,Wondrous Items
Mace Of Smiting,"7,000","2,000",501-5000,2000-20000,Rare,Weapons
Oil Of Etherealness,"1,920","2,000",501-5000,2000-20000,Rare,Potions & Oils
Potion of Maximum Power,,"2,000",501-5000,2000-20000,Rare,Potion
Sun Blade (longsword),"12,000","2,000",501-5000,2000-20000,Rare,Weapons
Tentacle Rod,"5,000","2,000",501-5000,2000-20000,Rare,Rods
Mizzium Mortar,,"2,100",501-5000,2000-20000,Rare,Wondrous Items
Scorpion Armor (plate),,"2,100",501-5000,2000-20000,Rare,Armor
Staff Of Withering,"3,000","2,100",501-5000,2000-20000,Rare,Staffs
Necklace of Fireballs (3 Beads),960,"2,175",501-5000,2000-20000,Rare,Wondrous Items: Neck
Gulthias Staff,,"2,200",501-5000,2000-20000,Rare,Staffs
Ring Of Feather Falling,"2,000","2,200",501-5000,2000-20000,Rare,Rings
Sword Of Life Stealing (any sword),"1,000","2,200",501-5000,2000-20000,Rare,Weapons
Weird Tank,,"2,200",501-5000,2000-20000,Rare,Wondrous Items
Ring of Temporal Salvation,,"2,250",501-5000,2000-20000,Rare,Rings
Wand Of Wonder,,"2,250",501-5000,2000-20000,Rare,Wands
Nightfall Pearl,,"51,000",50001+,50000-300000,Legendary,Wondrous Item
Nine Lives Stealer (Fully Charged) (any sword),"8,000","36,000",5001-50000,20000-50000,Very Rare,Weapons
Nolzur's Marvelous Pigments,200,"16,000",5001-50000,20000-50000,Very Rare,Wondrous Items
Oathbow (longbow),"3,500","13,000",5001-50000,20000-50000,Very Rare,Weapons
Obsidian Flint Dragon Plate,,"27,000",50001+,50000-300000,Legendary,Armor
Obviator's Lenses,,,Varies,Varies,Varies,Wondrous Items
Occultant Abacus,,,Varies,Varies,Varies,Wondrous Items
Horn Of Blasting,450,"2,500",501-5000,2000-20000,Rare,Wondrous Items
Oil Of Sharpness,"3,200","2,200",5001-50000,20000-50000,Very Rare,Potions & Oils
Potion Of Mind Control (Humanoid),,"2,500",501-5000,2000-20000,Rare,Potions & Oils
Wand Of Binding,"10,000","2,500",501-5000,2000-20000,Rare,Wands
"Weapon, +2","4,000","2,500",501-5000,2000-20000,Rare,Weapons
Orb Of Dragonkind,,,Priceless,Priceless,Artifact,Wondrous Items
Iron Bands Of Bilarro,"4,000","2,600",501-5000,2000-20000,Rare,Wondrous Items
Iron Bands Of Binding,"4,000","2,600",501-5000,2000-20000,Rare,Wondrous Items
Orb Of The Stein Rune,,"2,700",501-5000,2000-20000,Rare,Wondrous Items
Butchers Bib,,"2,750",501-5000,2000-20000,Rare,Wondrous Item
Orb of the Veil,,"31,000",5001-50000,20000-50000,Very Rare,Wondrous Item
Dimensional Shackles,"3,000","2,800",501-5000,2000-20000,Rare,Wondrous Items
Orcsplitter (greataxe),,"60,000",50001+,50000-300000,Legendary,Weapons
Orrery Of The Wanderer,,,Priceless,Priceless,Artifact,Wondrous Items
Gavel Of The Venn Rune,,"2,800",501-5000,2000-20000,Rare,Wondrous Items
Guild Keyrune (Gruul),,"2,800",501-5000,2000-20000,Rare,Wondrous Items
Necklace of Fireballs (4 Beads),"1,600","2,900",501-5000,2000-20000,Rare,Wondrous Items: Neck
Robe Of Summer,,"2,900",501-5000,2000-20000,Rare,Wondrous Items: Body
Pennant Of The Vind Rune,,"13,000",5001-50000,20000-50000,Very Rare,Wondrous Items
Peregrine Mask,,"6,000",5001-50000,20000-50000,Very Rare,Wondrous Items: Head
Armor Of Resistance,"6,000","3,000",501-5000,2000-20000,Rare,Armor
"Armor, +1","1,500","3,000",501-5000,2000-20000,Rare,Armor
Bead Of Force,960,"3,000",501-5000,2000-20000,Rare,Wondrous Items
Boots Of Speed,"4,000","3,000",501-5000,2000-20000,Rare,Wondrous Items: Feet
Chime Of Opening,"1,500","3,000",501-5000,2000-20000,Rare,Wondrous Items
Figurine of Wondrous Power (Serpentine Owl),"8,000","3,000",501-5000,2000-20000,Rare,Wondrous Items
Horseshoes Of Speed,"5,000","3,000",501-5000,2000-20000,Rare,Wondrous Items
Ioun Stone (Sustenance),"1,000","3,000",501-5000,2000-20000,Rare,Wondrous Items: Head
Ring Of Protection,"3,500","3,000",501-5000,2000-20000,Rare,Rings
Figurine of Wondrous Power (Onyx Dog),"3,000","3,200",501-5000,2000-20000,Rare,Wondrous Items
Badge Of The Watch,,"3,250",501-5000,2000-20000,Rare,Wondrous Items
Wand Of Fear,"10,000","3,250",501-5000,2000-20000,Rare,Wands
Rod Of The Vonindod,,"3,400",501-5000,2000-20000,Rare,Rods
Plate Armor Of Etherealness,"48,000","60,000",50001+,50000-300000,Legendary,Armor
Staff Of Defense,,"3,400",501-5000,2000-20000,Rare,Staffs
Shield Of Expression,,50,50-100,20-70,Common,Shields
Polymorph Blade,,,5001-50000,20000-50000,Very Rare,Weapons
Guild Keyrune (Boros),,"3,500",501-5000,2000-20000,Rare,Wondrous Items
Portfolio Keeper,,,Varies,Varies,Varies,Wondrous Items
Mace Of Terror,"8,000","3,500",501-5000,2000-20000,Rare,Weapons
Opal Of The Ild Rune,,"3,500",501-5000,2000-20000,Rare,Wondrous Items
Ring Of Resistance,"6,000","3,500",501-5000,2000-20000,Rare,Rings
Ring Of X-Ray Vision,"6,000","3,500",501-5000,2000-20000,Rare,Rings
Scroll Of Protection,180,"3,500",501-5000,2000-20000,Rare,Spell Scrolls
Amulet Of Protection From Turning,,"3,600",501-5000,2000-20000,Rare,Wondrous Items: Neck
Cloak Of Displacement,"60,000","3,600",501-5000,2000-20000,Rare,Wondrous Items: Shoulders
Figurine of Wondrous Power (Bronze Griffon),"8,000","3,600",501-5000,2000-20000,Rare,Wondrous Items
Potion Of Flying,500,"2,500",5001-50000,20000-50000,Very Rare,Potions & Oils
Figurine of Wondrous Power (Ebony Fly),"6,000","3,600",501-5000,2000-20000,Rare,Wondrous Items
Potion Of Giant Size,,"11,000",50001+,50000-300000,Legendary,Potions & Oils
Potion Of Giant Strength (Cloud),,"1,800",5001-50000,20000-50000,Very Rare,Potions & Oils
Ioun Stone (Protection),"1,200","3,600",501-5000,2000-20000,Rare,Wondrous Items: Head
Ring Of Spell Storing,"24,000","3,600",501-5000,2000-20000,Rare,Rings
Rod Of Rulership,"16,000","3,600",501-5000,2000-20000,Rare,Rods
Potion Of Giant Strength (Storm),,"8,000",50001+,50000-300000,Legendary,Potions & Oils
Wings Of Flying,"5,000","3,600",501-5000,2000-20000,Rare,Wondrous Items: Shoulders
Necklace of Fireballs (5 Beads),"3,840","3,625",501-5000,2000-20000,Rare,Wondrous Items: Neck
Instrument of the Bards (Canaith Mandolin),"30,000",3750,501-5000,2000-20000,Rare,Wondrous Items
Potion Of Healing (Superior),450,750,5001-50000,20000-50000,Very Rare,Potions & Oils
Potion Of Healing (Supreme),"1,350","1,500",5001-50000,20000-50000,Very Rare,Potions & Oils
Wand Of Enemy Detection,"4,000","3,750",501-5000,2000-20000,Rare,Wands
Potion Of Invisibility,180,"2,000",5001-50000,20000-50000,Very Rare,Potions & Oils
Mirror Of The Past,,"3,800",501-5000,2000-20000,Rare,Wondrous Items
Potion Of Longevity,"9,000","3,000",5001-50000,20000-50000,Very Rare,Potions & Oils
Cape Of The Mountebank,"8,000","3,900",501-5000,2000-20000,Rare,Wondrous Items: Shoulders
Amulet Of Health,"8,000","4,000",501-5000,2000-20000,Rare,Wondrous Items: Neck
Belt Of Giant Strength (Hill),,"4,000",501-5000,2000-20000,Rare,Wondrous Items: Waist
Potion Of Mind Control (Monster),,"6,000",5001-50000,20000-50000,Very Rare,Potions & Oils
Bracers Of Defense,"6,000","4,000",501-5000,2000-20000,Rare,Wondrous Items: Arms & Wrists
Ioun Stone (Awareness),"12,000","4,000",501-5000,2000-20000,Rare,Wondrous Items: Head
Potion of Possibility,,"1,900",5001-50000,20000-50000,Very Rare,Potion
Ring Of The Ram,"5,000","4,000",501-5000,2000-20000,Rare,Rings
Potion Of Speed,400,"2,000",5001-50000,20000-50000,Very Rare,Potions & Oils
Potion Of Vitality,960,"1,800",5001-50000,20000-50000,Very Rare,Potions & Oils
Rod Of The Pact Keeper +2,"16,000","4,000",501-5000,2000-20000,Rare,Rods
"Shield, +2","6,000","4,000",501-5000,2000-20000,Rare,Shields
Powered Armor,,,50001+,50000-300000,Legendary,Armor
"Spell Gem (Bloodstone, Level 3)",,"4,000",501-5000,2000-20000,Rare,Spell Gems
Two-Birds Sling,,"4,000",501-5000,2000-20000,Rare,Weapons
Vicious Weapon (any weapon),350,"4,000",501-5000,2000-20000,Rare,Weapons
Wand Of The War Mage +2,"4,800","4,000",501-5000,2000-20000,Rare,Wands
Wand Of Winter,,"4,100",501-5000,2000-20000,Rare,Wands
Bag Of Beans,,"4,200",501-5000,2000-20000,Rare,Wondrous Items
Mantle Of Spell Resistance,"30,000","4,200",501-5000,2000-20000,Rare,Wondrous Items: Shoulders
Helm Of Teleportation,"64,000","4,250",501-5000,2000-20000,Rare,Wondrous Items: Head
Instrument of the Bards (Cli Lyre),"35,000",4250,501-5000,2000-20000,Rare,Wondrous Items
Wand Of Paralysis,"16,000","4,250",501-5000,2000-20000,Rare,Wands
Pyxis of Pandemonium,,"25,000",50001+,50000-300000,Legendary,Wondrous Items
Claws Of The Umber Hulk,,"4,300",501-5000,2000-20000,Rare,Wondrous Items: Hands
Necklace of Fireballs (6 Beads),"7,680","4,350",501-5000,2000-20000,Rare,Wondrous Items: Neck
Banner Of The Krig Rune,,"4,400",501-5000,2000-20000,Rare,Wondrous Items
Claw Of The Wyrm Rune,,"4,400",501-5000,2000-20000,Rare,Wondrous Items
Arrow-Catching Shield,"6,000","4,500",501-5000,2000-20000,Rare,Shields
Boots Of Levitation,"4,000","4,500",501-5000,2000-20000,Rare,Wondrous Items: Feet
Docent,,"4,500",501-5000,2000-20000,Rare,Wondrous Items
Docent,,"4,500",501-5000,2000-20000,Rare,Wondrous Items
Radiant Weapon,,,Varies,Varies,Varies,Weapons
Rakdos Riteknife (dagger),,"60,000",50001+,50000-300000,Legendary,Weapons
Red Dragon Mask,,,50001+,50000-300000,Legendary,Wondrous Items
Reincarnation Dust,,"3,500",5001-50000,20000-50000,Very Rare,Wondrous Item
Repeating Shot Weapon,,,Varies,Varies,Varies,Weapons
Repulsion Shield,,,Varies,Varies,Varies,Armor
Elven Chain,"4,000","4,500",501-5000,2000-20000,Rare,Armor
Returning Weapon,,,Varies,Varies,Varies,Weapons
Ioun Stone (Reserve),"6,000","4,500",501-5000,2000-20000,Rare,Wondrous Items: Head
Ring Of Free Action,"20,000","4,500",501-5000,2000-20000,Rare,Rings
Staff Of Swarming Insects,"16,000","4,500",501-5000,2000-20000,Rare,Staffs
Rhythm-Maker's Drum,,,Varies,Varies,Varies,Wondrous Items
Ring Of Air Elemental Command,"35,000","200,000",50001+,50000-300000,Legendary,Rings
Staff Of The Woodlands,"44,000","4,500",501-5000,2000-20000,Rare,Staffs
Ring Of Djinni Summoning,,"125,000",50001+,50000-300000,Legendary,Rings
Ring Of Earth Elemental Command,"31,000","200,000",50001+,50000-300000,Legendary,Rings
Ring Of Elemental Command,,"200,000",50001+,50000-300000,Legendary,Rings
Cloak Of The Bat,"6,000","4,600",501-5000,2000-20000,Rare,Wondrous Items: Shoulders
Giant Slayer (any sword or axe),"7,000","4,600",501-5000,2000-20000,Rare,Weapons
Ring Of Fire Elemental Command,"17,000","200,000",50001+,50000-300000,Legendary,Rings
Stonespeaker Crystal,,"4,600",501-5000,2000-20000,Rare,Wondrous Items
Ring Of Invisibility,"10,000","75,000",50001+,50000-300000,Legendary,Rings
Sunforger (warhammer),,"4,600",501-5000,2000-20000,Rare,Weapons
Bowl Of Commanding Water Elementals,"8,000","4,700",501-5000,2000-20000,Rare,Wondrous Items
Brazier Of Commanding Fire Elementals,"8,000","4,700",501-5000,2000-20000,Rare,Wondrous Items
Censer Of Controlling Air Elementals,"8,000","4,700",501-5000,2000-20000,Rare,Wondrous Items
Ring Of Regeneration,"12,000","40,000",5001-50000,20000-50000,Very Rare,Rings
Periapt Of Proof Against Poison,"5,000","4,700",501-5000,2000-20000,Rare,Wondrous Items: Neck
Ring Of Shooting Stars,"14,000","20,000",5001-50000,20000-50000,Very Rare,Rings
Stone Of Controlling Earth Elementals,"8,000","4,700",501-5000,2000-20000,Rare,Wondrous Items
Ring Of Spell Turning,"30,000","66,000",50001+,50000-300000,Legendary,Rings
Flying Chariot,,"4,750",501-5000,2000-20000,Rare,Wondrous Items
Ring Of Telekinesis,"80,000","25,000",5001-50000,20000-50000,Very Rare,Rings
Folding Boat,"10,000","4,750",501-5000,2000-20000,Rare,Wondrous Items
Glamoured Studded Leather,"2,000","4,800",501-5000,2000-20000,Rare,Armor
Ring Of Three Wishes,,"97,950",50001+,50000-300000,Legendary,Rings
Staff Of Healing,"13,000","4,800",501-5000,2000-20000,Rare,Staffs
Wand Of Fireballs,"32,000","4,800",501-5000,2000-20000,Rare,Wands
Ring Of Water Elemental Command,"25,000","200,000",50001+,50000-300000,Legendary,Rings
Wand Of Lightning Bolts,"32,000","4,800",501-5000,2000-20000,Rare,Wands
Ring Of Winter,,,Priceless,Priceless,Artifact,Rings
Ring Of Evasion,"5,000","4,900",501-5000,2000-20000,Rare,Rings
"Shield, +1","1,500",450,101-500,100-600,Uncommon,Shields
Shiftweave,,100,50-100,20-70,Common,Wondrous Items
Belt Of Dwarvenkind,"6,000","5,000",501-5000,2000-20000,Rare,Wondrous Items: Waist
Cube Of Force,"16,000","5,000",501-5000,2000-20000,Rare,Wondrous Items
Daern's Instant Fortress,"75,000","5,000",501-5000,2000-20000,Rare,Wondrous Items
Robe Of Scintillating Colors,"6,000","27,000",5001-50000,20000-50000,Very Rare,Wondrous Items: Body
Dragon Slayer (any sword),"8,000","5,000",501-5000,2000-20000,Rare,Weapons
Robe Of Stars,"60,000","45,000",5001-50000,20000-50000,Very Rare,Wondrous Items: Body
Dragontooth Dagger,,"5,000",501-5000,2000-20000,Rare,Weapons
Robe Of The Archmagi,"34,000","75,000",50001+,50000-300000,Legendary,Wondrous Items: Body
Figurine of Wondrous Power (Golden Lions),600,"5,000",501-5000,2000-20000,Rare,Wondrous Items
Rod Of Absorption,"50,000","48,000",5001-50000,20000-50000,Very Rare,Rods
Rod Of Alertness,"25,000","11,000",5001-50000,20000-50000,Very Rare,Rods
Rod Of Lordly Might,"28,000","70,000",50001+,50000-300000,Legendary,Rods
Rod Of Resurrection,,"125,000",50001+,50000-300000,Legendary,Rods
Figurine of Wondrous Power (Ivory Goats - Terror),"20,000","5,000",501-5000,2000-20000,Rare,Wondrous Items
Figurine of Wondrous Power (Ivory Goats - Travail),400,"5,000",501-5000,2000-20000,Rare,Wondrous Items
Rod Of Security,"90,000","45,000",5001-50000,20000-50000,Very Rare,Rods
Figurine of Wondrous Power (Ivory Goats - Travelling),"1,000","5,000",501-5000,2000-20000,Rare,Wondrous Items
Figurine of Wondrous Power (Marble Elephant),"6,000","5,000",501-5000,2000-20000,Rare,Wondrous Items
Rod Of The Pact Keeper +3,"28,000","14,000",5001-50000,20000-50000,Very Rare,Rods
Flame Tongue,"5,000","5,000",501-5000,2000-20000,Rare,Weapons
Gem Of Seeing,"32,000","5,000",501-5000,2000-20000,Rare,Wondrous Items
Horn Of Valhalla (Brass),"8,400","5,000",501-5000,2000-20000,Rare,Wondrous Items
Horn Of Valhalla (Silver),"5,600","5,000",501-5000,2000-20000,Rare,Wondrous Items
Rotor Of Return,,"2,500",5001-50000,20000-50000,Very Rare,Wondrous Items
Instant Fortress,,"5,000",501-5000,2000-20000,Rare,Wondrous Items
Ruin's Wake,,,Priceless,Priceless,Artifact,Weapons
Ruinstone,,,Priceless,Priceless,Artifact,
Lord's Ensemble,,"5,000",501-5000,2000-20000,Rare,Wondrous Items: Body
Necklace Of Prayer Beads (Blessing),"2,000","5,000",501-5000,2000-20000,Rare,Wondrous Items: Neck
Scarab Of Protection,"36,000","58,000",50001+,50000-300000,Legendary,Wondrous Items: Neck
Scimitar Of Speed,"6,000","7,500",5001-50000,20000-50000,Very Rare,Weapons
Necklace Of Prayer Beads (Curing),"4,000","5,000",501-5000,2000-20000,Rare,Wondrous Items: Neck
Necklace Of Prayer Beads (Favor),"32,000","5,000",501-5000,2000-20000,Rare,Wondrous Items: Neck
Necklace Of Prayer Beads (Smiting),"1,500","5,000",501-5000,2000-20000,Rare,Wondrous Items: Neck
Necklace Of Prayer Beads (Summons),"128,000","5,000",501-5000,2000-20000,Rare,Wondrous Items: Neck
Scroll of Tarrasque Summoning,,,50001+,50000-300000,Legendary,Spell Scrolls
Scroll of the Comet,,,50001+,50000-300000,Legendary,Spell Scrolls
Necklace Of Prayer Beads (Wind Walking),"96,000","5,000",501-5000,2000-20000,Rare,Wondrous Items: Neck
Portable Hole,"8,000","5,000",501-5000,2000-20000,Rare,Wondrous Items
Robe Of Eyes,"30,000","5,000",501-5000,2000-20000,Rare,Wondrous Items: Body
Speaking Stone,,"5,000",501-5000,2000-20000,Rare,Wondrous Items
Blod Stone,,"6,500",501-5000,2000-20000,Rare,Wondrous Items
Shiftweave,,100,50-100,20-70,Common,Wondrous Items
Skyblinder Staff,,375,101-500,100-600,Uncommon,Staffs
Shard Of The Ise Rune,,"9,000",5001-50000,20000-50000,Very Rare,Wondrous Items
Slippers Of Spider Climbing,"5,000",500,101-500,100-600,Uncommon,Wondrous Items: Feet
Smokepowder,,325,101-500,100-600,Uncommon,Wondrous Items
Smoldering Armor,,+75,50-100,20-70,Common,Armor
Soul Coin,,250,101-500,100-600,Uncommon,Wondrous Items
Speaking Stone,,"5,000",101-500,100-600,Uncommon,Wondrous Items
"Spell Gem (Lapis Lazuli, Level 1)",,350,101-500,100-600,Uncommon,Spell Gems
Shield Of The Hidden Lord,,"86,000",50001+,50000-300000,Legendary,Armor
Shield Of The Uven Rune,,,5001-50000,20000-50000,Very Rare,Shields
"Spell Gem (Obsidian, Level 0)",,150,101-500,100-600,Uncommon,Spell Gems
Spell Scroll (Level 0),10,15,50-100,20-70,Common,Spell Scrolls
"Shield, +3","24,000","22,000",5001-50000,20000-50000,Very Rare,Shields
Spell Scroll (Level 1),60,25,50-100,20-70,Common,Spell Scrolls
Spell Scroll (Level 3),120,150,101-500,100-600,Uncommon,Spell Scrolls
Silken Spite,,,Priceless,Priceless,Artifact,Weapons
Spellshard,,100,50-100,20-70,Common,Wondrous Items
Spellshard,,100,50-100,20-70,Common,Wondrous Items
Sling Bullets of Althemone,,"5,500",5001-50000,20000-50000,Very Rare,Weapons
Spies' Murmur,,475,101-500,100-600,Uncommon,Wondrous Items: Head
Spyglass Of Clairvoyance,,,50-100,20-70,Common,Wondrous Items
Staff Of Adornment,,50,50-100,20-70,Common,Staffs
Staff Of Birdcalls,,70,50-100,20-70,Common,Staffs
Sovereign Glue,400,"5,000",50001+,50000-300000,Legendary,Wondrous Items
Staff Of Flowers,,50,50-100,20-70,Common,Staffs
Staff Of The Adder,"1,800",350,101-500,100-600,Uncommon,Staffs
Spear Of Backbiting (javelin or spear),,"6,500",5001-50000,20000-50000,Very Rare,Weapons
Spell Bottle,,"75,000",50001+,50000-300000,Legendary,Wondrous Item
"Spell Gem (Amber, Level 4)",,"8,000",5001-50000,20000-50000,Very Rare,Spell Gems
Staff Of The Python,"2,000",250,101-500,100-600,Uncommon,Staffs
"Spell Gem (Diamond, Level 9)",,"78,000",50001+,50000-300000,Legendary,Spell Gems
"Spell Gem (Jade, Level 5)",,"15,000",5001-50000,20000-50000,Very Rare,Spell Gems
Stone Of Good Luck (Luckstone),"4,200",400,101-500,100-600,Uncommon,Wondrous Items
Stone Of Ill Luck,,400,101-500,100-600,Uncommon,Wondrous Items
Storm Boomerang,,150,101-500,100-600,Uncommon,Weapons
"Spell Gem (Ruby, Level 8)",,"51,000",50001+,50000-300000,Legendary,Spell Gems
"Spell Gem (Star Ruby, Level 7)",,"35,000",50001+,50000-300000,Legendary,Spell Gems
"Spell Gem (Topaz, Level 6)",,"20,000",5001-50000,20000-50000,Very Rare,Spell Gems
Sword Of Vengeance (any sword),,400,101-500,100-600,Uncommon,Weapons
Talking Doll,,75,50-100,20-70,Common,Wondrous Items
Tankard Of Plenty,,,50-100,20-70,Common,Wondrous Items
Tankard Of Sobriety,,80,50-100,20-70,Common,Wondrous Items
Thermal Cube,,,50-100,20-70,Common,Wondrous Items
Spell Scroll (Level 6),"1,280","2,000",5001-50000,20000-50000,Very Rare,Spell Scrolls
Spell Scroll (Level 7),"2,560","3,500",5001-50000,20000-50000,Very Rare,Spell Scrolls
Spell Scroll (Level 8),"5,120","5,000",5001-50000,20000-50000,Very Rare,Spell Scrolls
Spell Scroll (Level 9),"10,240","20,000",50001+,50000-300000,Legendary,Spell Scrolls
Spell Sink,,,50001+,50000-300000,Legendary,Wondrous Items
Spell Sink,,,50001+,50000-300000,Legendary,Wondrous Items
Spellguard Shield,"50,000","36,000",5001-50000,20000-50000,Very Rare,Shields
Travel Alchemical Kit,,,101-500,100-600,Uncommon,Wondrous Items
Trident Of Fish Command,800,300,101-500,100-600,Uncommon,Weapons
Spellwrought Tattoo,,,Varies,Varies,Varies,Wondrous Items
Sphere Of Annihilation,"15,000","200,000",50001+,50000-300000,Legendary,Wondrous Items
Unbreakable Arrow,,25,50-100,20-70,Common,Ammunition
Veteran's Cane,,50,50-100,20-70,Common,Weapons
Voting Kit,,,50-100,20-70,Common,Wondrous Items
Vox Seeker,,100,50-100,20-70,Common,Wondrous Item
Walloping Ammunition,,30,50-100,20-70,Common,Ammunition
Wand Of Conducting,,90,50-100,20-70,Common,Wands
Wand Of Entangle,,300,101-500,100-600,Uncommon,Wands
Staff of Dunamancy,,"27,000",5001-50000,20000-50000,Very Rare,Staffs
Staff Of Fire,"16,000","18,000",5001-50000,20000-50000,Very Rare,Staffs
Wand Of Magic Detection,"1,500",150,101-500,100-600,Uncommon,Wands
Staff Of Frost,"26,000","18,000",5001-50000,20000-50000,Very Rare,Staffs
Wand Of Magic Missiles,"8,000",300,101-500,100-600,Uncommon,Wands
Staff Of Power,"95,500","46,000",5001-50000,20000-50000,Very Rare,Staffs
Staff Of Striking,"21,000","36,000",5001-50000,20000-50000,Very Rare,Staffs
Wand Of Pyrotechnics,,65,50-100,20-70,Common,Wands
Wand Of Scowls,,60,50-100,20-70,Common,Wands
Staff Of The Forgotten One,,,Priceless,Priceless,Artifact,Staffs
Wand Of Secrets,"1,500",125,101-500,100-600,Uncommon,Wands
Staff Of The Magi,,"98,000",50001+,50000-300000,Legendary,Staffs
Wand Of Smiles,,60,50-100,20-70,Common,Wands
Wand Of The War Mage +1,"1,200",400,101-500,100-600,Uncommon,Wands
Staff Of Thunder And Lightning,"10,000","30,000",5001-50000,20000-50000,Very Rare,Staffs
Wand Of Web,"8,000",250,101-500,100-600,Uncommon,Wands
Wand Sheath,,75,50-100,20-70,Common,Wondrous Items
Stone Of Golorr,,,Priceless,Priceless,Artifact,Wondrous Items
Wand Sheath,,75,50-100,20-70,Common,Wondrous Items
Weapon Of Warning,"60,000",400,101-500,100-600,Uncommon,Weapons
"Weapon, +1","1,000",500,101-500,100-600,Uncommon,Weapons
Wheel Of Wind And Water,,350,101-500,100-600,Uncommon,Wondrous Items
Storm Spire,,,50001+,50000-300000,Legendary,Wondrous Items
Storm Spire,,,50001+,50000-300000,Legendary,Wondrous Items
Stormgirdle,,,50001+,50000-300000,Legendary,Wondrous Item
Wheel Of Wind And Water,,350,101-500,100-600,Uncommon,Wondrous Items
Wind Fan,"1,500",150,101-500,100-600,Uncommon,Wondrous Items
Sunsword (longsword),,"55,000",50001+,50000-300000,Legendary,Weapons
Sword Of Answering,"36,000","51,000",50001+,50000-300000,Legendary,Weapons
Sword Of Kas,,,Priceless,Priceless,Artifact,Wondrous Items
Winged Boots,"8,000","5,000",101-500,100-600,Uncommon,Wondrous Items: Feet
Sword Of Sharpness (slashing swords),"1,700","42,000",5001-50000,20000-50000,Very Rare,Weapons
Sword Of The Paruns (longsword),,"16,000",5001-50000,20000-50000,Very Rare,Weapons
Wingwear,,300,101-500,100-600,Uncommon,Wondrous Items: Body
Winters Dark Bite,,,101-500,100-600,Uncommon,Weapons
Sword Of Zariel,,,Priceless,Priceless,Artifact,Weapons
Talisman Of Pure Good,"71,680","125,000",50001+,50000-300000,Legendary,Wondrous Items
Talisman Of The Sphere,"20,000","75,000",50001+,50000-300000,Legendary,Wondrous Items
Talisman Of Ultimate Evil,"61,440","125,000",50001+,50000-300000,Legendary,Wondrous Items
Xorian Wenge Focus,,,50-100,20-70,Common,Wondrous Items
Xorian Wenge Focus,,,50-100,20-70,Common,Wondrous Items
"Yklwa, +1",,,101-500,100-600,Uncommon,Weapons
Teeth of Dahlver-Nar,,,Priceless,Priceless,Artifact,Wondrous Items
The Bloody End,,,Priceless,Priceless,Artifact,Weapons
Alchemical Compendium,,,501-5000,2000-20000,Rare,Wondrous Items
Timepiece Of Travel,,"8,000",5001-50000,20000-50000,Very Rare,Wondrous Items
Tinderstrike (dagger),,"71,000",50001+,50000-300000,Legendary,Weapons
Tome Of Clear Thought,,"36,000",5001-50000,20000-50000,Very Rare,Wondrous Items
Tome Of Leadership And Influence,,"36,000",5001-50000,20000-50000,Very Rare,Wondrous Items
Tome Of The Stilled Tongue,,"60,000",50001+,50000-300000,Legendary,Wondrous Items
Tome Of Understanding,,"36,000",5001-50000,20000-50000,Very Rare,Wondrous Items
Arcanomechanical Armor,,,501-5000,2000-20000,Rare,Armor
Astral Shard,,,501-5000,2000-20000,Rare,Wondrous Items
Astronomy Archive,,,501-5000,2000-20000,Rare,Wondrous Items
Atlas of Endless Horizons,,,501-5000,2000-20000,Rare,Wondrous Items
Universal Solvent,300,"5,000",50001+,50000-300000,Legendary,Wondrous Items
Bell Branch,,,501-5000,2000-20000,Rare,Wondrous Items
Verminshroud,,,50001+,50000-300000,Legendary,Wondrous Item
Bonecounter,,,501-5000,2000-20000,Rare,Weapons
Boomerang +3,,,501-5000,2000-20000,Rare,Weapons
Cauldron of Plenty,,,501-5000,2000-20000,Rare,Wondrous Items
Vorpal Sword,"24,000","75,000",50001+,50000-300000,Legendary,Weapons
Dagger Of Blindsight,,,501-5000,2000-20000,Rare,Weapons
Devotee's Censer,,,501-5000,2000-20000,Rare,Weapons
Voyager Staff,,"10,500",5001-50000,20000-50000,Very Rare,Staffs
Dodecahedron Of Doom,,,501-5000,2000-20000,Rare,Wondrous Items
Dragonguard,,,501-5000,2000-20000,Rare,Armor
Duplicitous Manuscript,,,501-5000,2000-20000,Rare,Wondrous Items
Elemental Essence Shard,,,501-5000,2000-20000,Rare,Wondrous Items
Failed Experiment Wand,,,501-5000,2000-20000,Rare,Wands
Far Realm Shard,,,501-5000,2000-20000,Rare,Wondrous Items
Fulminating Treatise,,,501-5000,2000-20000,Rare,Wondrous Items
Galder's Bubble Pipe,,,501-5000,2000-20000,Rare,Wondrous Items
Gamblers Blade,,,501-5000,2000-20000,Rare,Weapons
Ghost Step Tattoo,,,501-5000,2000-20000,Rare,Wondrous Items
Wand Of Orcus,,,Priceless,Priceless,Artifact,Wands
Heart Weaver's Primer,,,501-5000,2000-20000,Rare,Wondrous Items
Wand Of Polymorph,"32,000","21,000",5001-50000,20000-50000,Very Rare,Wands
Hook of Fisher's Delight,,,501-5000,2000-20000,Rare,Wondrous Items
Horn Of The Endless Maze,,,501-5000,2000-20000,Rare,Wondrous Items
Ioun Stone Of Historical Knowledge,,,501-5000,2000-20000,Rare,Wondrous Items
Ioun Stone Of Language Knowledge,,,501-5000,2000-20000,Rare,Wondrous Items
Ioun Stone Of Natural Knowledge,,,501-5000,2000-20000,Rare,Wondrous Items
Ioun Stone Of Religious Knowledge,,,501-5000,2000-20000,Rare,Wondrous Items
Wand Of The War Mage +3,"19,200","14,000",5001-50000,20000-50000,Very Rare,Wands
Ioun Stone Of Self Preservation,,,501-5000,2000-20000,Rare,Wondrous Items
Ioun Stone Of Supreme Intellect,,,501-5000,2000-20000,Rare,Wondrous Items
Leather Golem Armor,,,501-5000,2000-20000,Rare,Armor
Libram of Souls and Flesh,,,501-5000,2000-20000,Rare,Wondrous Items
Lifewell Tattoo,,,501-5000,2000-20000,Rare,Wondrous Items
Lyre of Building,,,501-5000,2000-20000,Rare,Wondrous Items
Wave,,,50001+,50000-300000,Legendary,Weapons
Waythe (greatsword),,"62,000",50001+,50000-300000,Legendary,Weapons
Master's Amulet,,,501-5000,2000-20000,Rare,Wondrous Items
Mind Blade,,,501-5000,2000-20000,Rare,Weapons
Mind Lash,,,501-5000,2000-20000,Rare,Weapons
"Mithral Half Plate, +1",,,501-5000,2000-20000,Rare,Armor
"Weapon, +3","16,000","15,000",5001-50000,20000-50000,Very Rare,Weapons
Outer Essence Shard,,,501-5000,2000-20000,Rare,Wondrous Items
Well Of Many Worlds,,"90,000",50001+,50000-300000,Legendary,Wondrous Items
Wheel Of Stars,,"6,500",5001-50000,20000-50000,Very Rare,Wondrous Items
Piercer,,,501-5000,2000-20000,Rare,Weapons
Planecaller's Codex,,,501-5000,2000-20000,Rare,Wondrous Items
Whelm,,,50001+,50000-300000,Legendary,Weapons
Whisper Jar,,,Varies,Varies,Varies,Wondrous Items
White Dragon Mask,,,50001+,50000-300000,Legendary,Wondrous Items
Will of the Talon,,,Priceless,Priceless,Artifact,Weapons
Professor Orb,,,501-5000,2000-20000,Rare,Wondrous Items
Windvane,,"68,000",50001+,50000-300000,Legendary,Weapons
Professor Orb,,,501-5000,2000-20000,Rare,Wondrous Items
Protective Verses,,,501-5000,2000-20000,Rare,Wondrous Items
Reveler's Concertina,,,501-5000,2000-20000,Rare,Wondrous Items
Saint Markovia's Thighbone,,,501-5000,2000-20000,Rare,Weapons
Wreath of the Prism,,,50001+,50000-300000,Legendary,Wondrous Item
Wyrmskull Throne,,,Priceless,Priceless,Artifact,Wondrous Items
Shadowfell Brand Tattoo,,,501-5000,2000-20000,Rare,Wondrous Items
Shadowfell Shard,,,501-5000,2000-20000,Rare,Wondrous Items
Shield Of Far Sight,,,501-5000,2000-20000,Rare,Shields
"Vicious Rapier, +1",,,501-5000,2000-20000,Rare,Weapons
"Yklwa, +3",,,5001-50000,20000-50000,Very Rare,Weapons
Ythryn Mythallar,,,50001+,50000-300000,Legendary,Wondrous Items
"Yklwa, +2",,,501-5000,2000-20000,Rare,Weapons